name,phone,address,website,rating,reviews,place_id,source
Heat-N-Air Guys,(610) 590-8877,"1134 Main St, Darby, PA 19023, USA",http://www.heatnairguys.com/,4.8,185,ChIJqx7r-OXDxokR7V6UqjumPKc,TextSearch(New)+Details(New)
Bailey Heating & Cooling LLC,(484) 478-2284,"1201 Alfred Ave, Yeadon, PA 19050, USA",,4.9,38,ChIJGTOUovnDxokR3-itJqQS2BY,TextSearch(New)+Details(New)
Superior Comfort Heating & Cooling LLC,(215) 416-6557,"545 N 58th St, Philadelphia, PA 19131, USA",http://www.phillyhvacpro.com/,4.9,62,ChIJATEA6SfHxokR9Hox3PvaDKU,TextSearch(New)+Details(New)
East Falls Plumbing & Heating,(215) 779-5731,"3431 W Commissioner St, Philadelphia, PA 19132, USA",http://eastfallsplumbing.com/,4.7,77,ChIJVVWRUXa4xokRuAavH-jfFrs,TextSearch(New)+Details(New)
Adam Home Services,(484) 376-5429,"200 West Chester Pike, Havertown, PA 19083, USA",https://adammechanical.com/?utm_source=gmb&utm_medium=organic,4.8,2884,ChIJsRfPz3_BxokRo2D4ELpM1vo,TextSearch(New)+Details(New)
McLoughlin Plumbing Heating & Cooling,(610) 649-8080,"8649 West Chester Pike, Upper Darby Township, PA 19082, USA",https://www.mcloughlinphc.com/?utm_source=google-business-profile&utm_medium=organic&utm_campaign=business-listing&utm_content=mcloughlin,4.7,756,ChIJ8xITqAXBxokRJ3djWBBm2oM,TextSearch(New)+Details(New)
Philly's Heating and Cooling,(267) 214-0111,"3738 Melon St, Philadelphia, PA 19104, USA",,4.9,28,ChIJUSUUkJ7BxokRFOBkD9y67EM,TextSearch(New)+Details(New)
GEN3 Electric & HVAC,(267) 419-7922,"1257 S 26th St, Philadelphia, PA 19146, USA",https://generation3electric.com/,4.9,4381,ChIJxQbFLG_GxokRF8XtPpf1ySQ,TextSearch(New)+Details(New)
BNK Plumbing And HVAC Services,(610) 809-2552,"750 Academy Terrace, Sharon Hill, PA 19079, USA",http://www.bnkplumbing-appliances.com/,5,41,ChIJg9shXdykl4URZd5E26QOpt4,TextSearch(New)+Details(New)
Best Choice Plumbing & Heating,(215) 743-1755,"2510 Orthodox St, Philadelphia, PA 19137, USA",https://www.bestchoiceplumbingandheating.com/,4.8,1690,ChIJrwQdaRG2xokRCBeWVcLYebw,TextSearch(New)+Details(New)
"Stallion Heating, Plumbing, Air Conditioning",(215) 278-9690,"1641 Delmar Dr, Folcroft, PA 19032, USA",https://www.26stallion.com/?utm_source=google-business-profile&utm_medium=organic&utm_campaign=business-listing&utm_content=stallion,4.8,1477,ChIJz8iHrafIxokRWIKM9MCdzGs,TextSearch(New)+Details(New)
PJ MAC HVAC Service & Repair,(610) 672-3046,"642 Harper Ave, Drexel Hill, PA 19026, USA",https://pjmachvac.com/drexel-hill-ac-heating-repair-install/,5,182,ChIJ-zNmSNqvxokRg51ovrOrg1k,TextSearch(New)+Details(New)
McGinley Services Heating & Cooling,(267) 710-8134,"1100 Lincoln Ave store 2, Prospect Park, PA 19076, USA",http://mcginleyservices.com/,4.9,536,ChIJO-jJZgvBxokRE7thvnFOrH0,TextSearch(New)+Details(New)
Fast Heating Repair Philadelphia,(215) 650-8629,"1439 Brown St Suite 1, Philadelphia, PA 19130, USA",,5,1,ChIJxS1cZFTHxokRoEjnvly6rSI,TextSearch(New)+Details(New)
Bill Frusco Plumbing Heating and Air Conditioning,(215) 728-1482,"8675 Torresdale Ave, Philadelphia, PA 19136, USA",https://www.billfrusco.com/,4.6,756,ChIJcZXfv4u0xokRiyge35AkELw,TextSearch(New)+Details(New)
"Roger Ross Plumbing & Heating, Inc",(215) 482-2969,"Storefront, 4260 Manayunk Ave, Philadelphia, PA 19128, USA",http://www.rogerrossplumbing.com/,4.9,747,ChIJCb-movq5xokR_iyYUdaGjL0,TextSearch(New)+Details(New)
John Snyder Plumbing & Heating,(267) 804-1824,"5112 Umbria St, Philadelphia, PA 19128, USA",https://www.johnsnyderplumbingheating.com/?utm_source=google&utm_medium=organic&utm_campaign=gbp,4.9,467,ChIJZYzrmYK5xokRi2omXSl1ais,TextSearch(New)+Details(New)
Plumbing Pals,(267) 719-2354,"2424 E York St Suite 100-B, Philadelphia, PA 19125, USA",https://www.economydrainclean.com/?utm_source=google&utm_medium=organic&utm_campaign=gmb-profile-philadelphia,4.9,1493,ChIJBavHSwHJxokRzf7y01h1k5o,TextSearch(New)+Details(New)
Pristine Plumbing & Heating LLC | Philadelphia Plumbers | Best Plumbers in Philadelphia,(267) 605-2968,"125 Montgomery Ave B3, Bala Cynwyd, PA 19004, USA",http://www.plumberinphilly.com/,5,17,ChIJ9aPIy8fHxokRA1GOKyizbF4,TextSearch(New)+Details(New)
Summers Quality Services,(215) 482-8800,"8200 Ridge Ave, Philadelphia, PA 19128, USA",https://www.summersquality.com/?utm_source=gmb&utm_medium=organic,4.8,250,ChIJI1yKL-S2xokRZqr81j7-Hfk,TextSearch(New)+Details(New)
"Dream Team - Plumbing, Heating, Cooling, & Electric",(484) 255-8269,"1 E Eagle Rd, Havertown, PA 19083, USA",https://dreamteampa.com/havertown/?utm_source=google&utm_medium=gbp-hav&se_campaign=GBP%20-%20Havertown,4.9,409,ChIJY6fEBEnBxokRARFDdq8m4sw,TextSearch(New)+Details(New)
Daniels HVAC Philadelphia LLC,(267) 971-3639,"1869 E Tulpehocken St, Philadelphia, PA 19138, USA",http://www.danielshvacphiladelphia.com/,4.6,162,ChIJ3dHtLeK5xokRT3Oz3fVqBPQ,TextSearch(New)+Details(New)
Perfect Degree HVAC,(610) 529-7372,"4610 State Rd, Drexel Hill, PA 19026, USA",https://www.perfectdegreehvac.net/,5,220,ChIJT7JJxVzzxokRIgvZMAdt1-Q,TextSearch(New)+Details(New)
Do it right Plumbing 610,(267) 586-2809,"114 Ridge Ave, Darby, PA 19023, USA",http://www.doitrightplumbing610.com/,4.9,709,ChIJV7POT3_DxokRFPSnHm3i7Kg,TextSearch(New)+Details(New)
Creative Comfort Solutions Heating & Air Conditioning,(610) 638-2940,"34 E Glenolden Ave, Glenolden, PA 19036, USA",https://creativecomfortsolutions.com/?utm_source=google&utm_medium=organic&utm_campaign=glenolden_gbp,4.9,633,ChIJ2y0gRarDxokRVzUs-qdxhvQ,TextSearch(New)+Details(New)
Boss Plumbing & Heating,(267) 748-4314,"259 W Johnson St, Philadelphia, PA 19144, USA",https://www.bossplumbingheating.com/,4.8,191,ChIJ3aEXug-5xokRdcFA9Pb7dbE,TextSearch(New)+Details(New)
H & H Heating and Air Conditioning Inc.,(610) 532-8744,"3 Industrial Hwy, Essington, PA 19029, USA",https://www.delcohvac.com/?utm_source=Google&utm_medium=Organic&utm_campaign=GMB,4.9,1927,ChIJJ1vSDtrCxokR7UCzsEStRNk,TextSearch(New)+Details(New)
"Boyle Energy - Heating, Air Conditioning, Oil & Propane",(610) 723-7274,"40 W Manoa Rd, Havertown, PA 19083, USA",https://boylebrothersenergy.com/?utm_source=Google+My+Business&utm_medium=Organic,4.9,600,ChIJP6r7Gq3BxokRLtr5KT_LDuE,TextSearch(New)+Details(New)
Guaranteed Plumbing & Heating,(215) 273-3725,"900 Cottman Ave, Philadelphia, PA 19111, USA",https://www.guaranteedplumbingandheating.com/,4.8,755,ChIJpdiaLMi2xokRNZlsDuWmeOE,TextSearch(New)+Details(New)
Cabrera & Sons Heating & Air Conditioning,(267) 300-0838,"333 Spring Garden St, Philadelphia, PA 19123, USA",https://cabrerasonsroofingconstruction.com/philadelphia-pa-4/,4.8,49,ChIJ1UnOeuXJxokRgOYybEYO0-8,TextSearch(New)+Details(New)
Royal Heating&Cooling,(267) 214-0111,"5700 Kingsessing Ave, Philadelphia, PA 19143, USA",,4.7,18,ChIJcxdfShnmxokRHCQwjd8ZdN8,TextSearch(New)+Details(New)
Philadelphia Gas & Electric,(215) 743-0500,"4512 Paul St, Philadelphia, PA 19124, USA",http://www.pgecomfort.com/,4.9,156,ChIJTY5q-kG2xokRjsyOCmR0VW8,TextSearch(New)+Details(New)
O'Brien Heating & Air Conditioning,(610) 615-1181,"381 Burmont Rd, Drexel Hill, PA 19026, USA",https://ocomfort.com/?utm_source=google&utm_medium=organic&utm_campaign=GMBListing-Drexel-Hill-PA,4.7,304,ChIJUVh494LBxokRxyJtpXmXCgs,TextSearch(New)+Details(New)
City Plumbing,(215) 918-7041,"3383 Miller St, Philadelphia, PA 19134, USA",https://www.mycityplumbing.com/?utm_source=google&utm_medium=organic&utm_campaign=gmb-profile-philadelphia,4.6,260,ChIJCThtDDLIxokR0sDLDETTHX8,TextSearch(New)+Details(New)
"Walsh Brothers Plumbing and Mechanical Services, Inc.",(610) 623-2789,"500 Abbott Dr STE A, Broomall, PA 19008, USA",https://www.walshbrothersinc.com/,4.8,320,ChIJI0pClYLBxokRbW68nZDmkY4,TextSearch(New)+Details(New)
AirMaster Heating & Cooling Specialists,(215) 284-7583,"5545 Baynton St, Philadelphia, PA 19144, USA",https://www.airmasterpa.com/?utm_source=gbp&utm_medium=organic&utm_campaign=smp_gbp_philly,4.9,860,ChIJIYfaGxXGxokR8k5iUmCUYi8,TextSearch(New)+Details(New)
"WM Henderson Heating, Cooling, Plumbing, & Electrical Inc.",(610) 510-8173,"511 Abbott Dr, Broomall, PA 19008, USA",https://www.wmhendersoninc.com/?utm_source=google&utm_medium=gbp&utm_campaign=WMH0100-WEB009-GBP&utm_crid=WMH0100_WEB009_134369292,4.7,2983,ChIJqfgZ0OHBxokRNnuwylC6rB8,TextSearch(New)+Details(New)
Greater Works Plumbing,(267) 826-6578,"744 South St #957, Philadelphia, PA 19147, USA",https://www.gworksplumbing.com/,4.7,211,ChIJc6vE-ajHxokRCvQViuUjzbM,TextSearch(New)+Details(New)
Pasquarello Plumbing and Heating,(215) 279-7789,"2421 S 17th St, Philadelphia, PA 19145, USA",,4.6,10,ChIJ8bidgQrGxokRDmfe4x6nAhs,TextSearch(New)+Details(New)
Aqua Plumbing & Heating LLC,(267) 600-8159,"2534 Orthodox St, Philadelphia, PA 19137, USA",http://aquaplumbingandheatingllc.com/,4.7,138,ChIJkSum_zLIxokR04iFdjzBFe4,TextSearch(New)+Details(New)
"Cardullo Mechanical, LLC",(267) 578-8360,"703 Christian St, Philadelphia, PA 19147, USA",https://cardullomechanical.com/,4.9,57,ChIJ659FrHnHxokR7W4BLJ-ael4,TextSearch(New)+Details(New)
NextGen Heating and Air Conditioning,(267) 347-2657,"2435 S Bancroft St, Philadelphia, PA 19145, USA",https://www.nextgenhvac.co/,4.9,155,ChIJq4f8z0rFxokRRVMPPFXaW9A,TextSearch(New)+Details(New)
SK Heating and Air Conditioning,(610) 937-5357,"339 Montgomery Ave, Bala Cynwyd, PA 19004, USA",http://www.skcomfort.com/,4.8,232,ChIJnQPzw8zHxokR_Nh2veYxovE,TextSearch(New)+Details(New)
Toran Heating & Air Conditioning Inc.,(610) 348-1142,"45 E City Ave, Bala Cynwyd, PA 19004, USA",http://www.toranheating.com/,4.9,69,ChIJ9aLL-13HxokRl6T0qoQuOtU,TextSearch(New)+Details(New)
Comfort Home Heating and Cooling,(484) 846-8868,"1035 Milmont Ave, Swarthmore, PA 19081, USA",https://www.comforthomeheatingandcooling.com/,5,146,ChIJ-xcBXnDDxokRcj31q1-yAgE,TextSearch(New)+Details(New)
Angel Heating & Cooling,(215) 464-8712,"6044 Castor Ave #201, Philadelphia, PA 19149, USA",https://www.angelhvac.com/,4.8,484,ChIJ-7qBIlWyxokR2Fbf0R_NvQA,TextSearch(New)+Details(New)
Generation Plumbing Company LLC,(267) 579-8092,"2016 N 61st St, Philadelphia, PA 19151, USA",https://www.gpcllc.net/,4.8,19,ChIJw2asnOrHxokRTPaPCJGyoRI,TextSearch(New)+Details(New)
Goodman Plumbing,(215) 364-7775,"8015 Castor Ave, Philadelphia, PA 19152, USA",https://www.goodmanplumbers.com/,4.7,911,ChIJ31eWMwG0xokRUOCc-Spxv-4,TextSearch(New)+Details(New)
Mueller Mechanical LLC,(215) 896-3665,"735 Reed St, Philadelphia, PA 19147, USA",https://muellermechanical.com/,5,18,ChIJD9b2vFfHxokRPWh59eAM5sU,TextSearch(New)+Details(New)
Global Services,(215) 722-1500,"7707 Castor Ave, Philadelphia, PA 19152, USA",https://globalservicesnow.com/,4.6,175,ChIJdQOlvAK0xokRTkdLuAOwQkc,TextSearch(New)+Details(New)
Precision Plus Plumbing,(484) 436-4190,"1844 N 54th St, Philadelphia, PA 19131, USA",https://www.precisionserviceexperts.com/,4.7,147,ChIJ4Qiu9pXBxokR5MDLkb7J1aM,TextSearch(New)+Details(New)
Oliver Heating and Cooling,(610) 467-2223,"101 Waverly Ave, Morton, PA 19070, USA",https://www.oliverheatcool.com/?utm_source=GoogleMyBusiness&utm_medium=organic&utm_campaign=GMBListingPA,4.6,2161,ChIJzXGl6X7CxokRXXlhxf0K8kQ,TextSearch(New)+Details(New)
Joseph's Affordable Plumbing and Heating,(215) 673-7700,"106 Cedar Rd, McKinley, PA 19027, USA",http://josephsaffordable.com/,4.5,205,ChIJSUvwotawxokRIrgPTviAxFs,TextSearch(New)+Details(New)
Done Right Plumbing & Heating,(610) 281-3800,"1112 Alcott St, Philadelphia, PA 19149, USA",http://donerightplumbingheating.com/?utm_source=omg-gbp&utm_medium=webclick,4.9,159,ChIJs_0WKn0Z148RIeapQ63U9Yw,TextSearch(New)+Details(New)
"Go Green Maintenance and Repair, LLC",(267) 249-1218,"4608 Florida Ave, Newtown Square, PA 19073, USA",https://chestercountyhvacandplumbing.com/,4.9,125,ChIJcU0fGT_rxokRROtaO0rqMcA,TextSearch(New)+Details(New)
Bill Frusco Plumbing Heating and Air Conditioning,(267) 631-2370,"513 Horsham Rd, Horsham, PA 19044, USA",https://www.billfrusco.com/,4.9,2445,ChIJS4iQr9WvxokRzbDu7cMySls,TextSearch(New)+Details(New)
MAS Plumbing & Heating Co,(215) 471-0346,"5540 Angora Terrace, Philadelphia, PA 19143, USA",,3.9,7,ChIJ9UwM_bXHxokRvAr4R7zCUXE,TextSearch(New)+Details(New)
Trustco Heating & Air,(215) 281-9376,"10901 Waldemire Dr, Philadelphia, PA 19154, USA",https://www.trustcoheatingandair.com/?utm_source=google&utm_medium=organic&utm_campaign=gbp,5,137,ChIJvev-P0ezxokRad89PZ50HSs,TextSearch(New)+Details(New)
PJ MAC HVAC Service & Repair,(610) 424-6447,"130 Naudain St #202, Philadelphia, PA 19147, USA",https://pjmachvac.com/naudain-philadelphia-hvac-service/,5,16,ChIJe5YDqiLJxokRpm51Elurc7g,TextSearch(New)+Details(New)
Philadelphia Heating & Air Conditioning,(445) 287-9847,"273 S 15th St, Philadelphia, PA 19102, USA",,4,16,ChIJPRY7hjGYxokRNNNrbQx_o6Q,TextSearch(New)+Details(New)
"Dream Team - Plumbing, Heating, Cooling, & Electric",(484) 969-9524,"300 S Pennell Rd Suite 200, Media, PA 19063, USA",https://dreamteampa.com/media/?utm_source=organic&utm_medium=gbp&utm_campaign=Media+GBP,4.9,1522,ChIJee94tPHvxokR7kB-zyLARtE,TextSearch(New)+Details(New)
"DelFera Heating, Cooling & Electric, Co.",(610) 957-0002,"3581 Concord Rd, Aston Township, PA 19014, USA",http://www.delfera.com/,4.9,1629,ChIJbxM_lBvmxokRhHr2CfWh2vw,TextSearch(New)+Details(New)
"Karalis Mechanical Services, LLC.",(484) 296-0116,"2035 Sproul Rd, Broomall, PA 19008, USA",https://www.karalishvac.com/?utm_source=google&utm_medium=organic&utm_campaign=gbp-listing,5,143,ChIJ5dTZEA3qxokRj8-FDUUOLI0,TextSearch(New)+Details(New)
"Harris Plumbing, Heating, Air & Electrical",(484) 573-6393,"105 W 3rd St Suite 102, Media, PA 19063, USA",https://www.callharrisnow.com/?utm_source=google&utm_medium=gbp-pa&se_campaign=GBP%20-%20Media%20PA,4.9,2716,ChIJ7ToVFEzpxokRrNBSTtzyJvA,TextSearch(New)+Details(New)
R F Bondurant Plumbing & Heating,(610) 566-0288,"228 Brooke St, Media, PA 19063, USA",https://rfbondurant.com/,4.9,373,ChIJ4SIkFgXpxokR3ChGh-XQDFo,TextSearch(New)+Details(New)
HL Bowman Inc Plumbing Heating & AC,(610) 671-3360,"1005 Sussex Blvd #4, Broomall, PA 19008, USA",https://hlbowman.com/locations/west-chester-pa/?utm_source=google&utm_medium=gmb&utm_campaign=west%20chester%20listing&se_campaign=Google%20My%20Business%20-%20Clicked%20to%20Website,4.8,180,ChIJ_1LG72frxokRWp6tQn8v5r4,TextSearch(New)+Details(New)
"Borden Heating & Cooling, Inc.",(610) 325-9966,"501 Abbott Dr, Broomall, PA 19008, USA",http://www.bordenco.com/?utm_source=google-my-business&utm_medium=organic,4.9,111,ChIJxy-3p9_BxokRcnWWL7bTjGI,TextSearch(New)+Details(New)
M. D. Mason Plumbing & Heating LLC,(610) 662-9122,"212 Nassau Blvd, Prospect Park, PA 19076, USA",http://www.mdmasonplumbing.com/,4.9,59,ChIJV7XztunCxokRzQWWq4re1Jo,TextSearch(New)+Details(New)
"Len The Plumber Heating & Air, LLC",(980) 220-0827,"7 Chelsea Pkwy #709, Boothwyn, PA 19061, USA",https://lentheplumber.com/philadelphia-area/?utm_source=google&utm_medium=organic&utm_campaign=GMBListing-Boothwyn-PA,4.6,5081,ChIJZ17vOMPlxokRKf405rI3epM,TextSearch(New)+Details(New)
"Charles B. Gans Plumbing, Heating & Air Conditioning",(610) 853-1100,"2418 Grasslyn Ave, Havertown, PA 19083, USA",http://gansplumbing.com/,4.6,59,ChIJmyfAHUnAxokR-b4EsxM-mPY,TextSearch(New)+Details(New)
Stan Perkoski's Home Services,(302) 529-1220,"1818 Marsh Rd, Wilmington, DE 19810, USA",https://www.leaksnheat.com/,4.8,510,ChIJF-QeeZ_kxokRTwM_4wVx4fw,TextSearch(New)+Details(New)
Sullivan's Heating & Cooling,(215) 201-6713,"1062 Oakwood Dr, Glenolden, PA 19036, USA",,4.7,27,ChIJ-weWSl7DxokRT-JuI4ICFhI,TextSearch(New)+Details(New)
Gartland Plumbing & Heating,(610) 565-5645,"204 Bortondale Rd, Media, PA 19063, USA",http://gartlandplumbing.com/,5,117,ChIJ59o7ofvoxokRTZ2EsK40XAc,TextSearch(New)+Details(New)
Proactev Heating & Cooling,(610) 333-3219,"704 Dover Ct, Wallingford, PA 19086, USA",,5,1,ChIJj42kOvvpxokRjFz1Z-CL1BA,TextSearch(New)+Details(New)
High Tech Heating and Cooling,(215) 364-3500,"147 Conchester Hwy, Garnet Valley, PA 19014, USA",https://hightechheatingandcooling.com/,5,34,ChIJGxtFPq4P_ywR3wlKboIDp8Q,TextSearch(New)+Details(New)