name,phone,address,website,rating,reviews,place_id,source
H & H Heating and Air Conditioning Inc.,(610) 532-8744,"3 Industrial Hwy, Essington, PA 19029, USA",https://www.delcohvac.com/?utm_source=Google&utm_medium=Organic&utm_campaign=GMB,4.9,1927,ChIJJ1vSDtrCxokR7UCzsEStRNk,TextSearch(New)+Details(New)
"DelFera Heating, Cooling & Electric, Co.",(610) 957-0002,"3581 Concord Rd, Aston Township, PA 19014, USA",http://www.delfera.com/,4.9,1629,ChIJbxM_lBvmxokRhHr2CfWh2vw,TextSearch(New)+Details(New)
Comfort Home Heating and Cooling,(484) 846-8868,"1035 Milmont Ave, Swarthmore, PA 19081, USA",https://www.comforthomeheatingandcooling.com/,5,146,ChIJ-xcBXnDDxokRcj31q1-yAgE,TextSearch(New)+Details(New)
Creative Comfort Solutions Heating & Air Conditioning,(610) 638-2940,"34 E Glenolden Ave, Glenolden, PA 19036, USA",https://creativecomfortsolutions.com/?utm_source=google&utm_medium=organic&utm_campaign=glenolden_gbp,4.9,633,ChIJ2y0gRarDxokRVzUs-qdxhvQ,TextSearch(New)+Details(New)
Perfect Degree HVAC,(610) 529-7372,"4610 State Rd, Drexel Hill, PA 19026, USA",https://www.perfectdegreehvac.net/,5,220,ChIJT7JJxVzzxokRIgvZMAdt1-Q,TextSearch(New)+Details(New)
Adam Home Services,(484) 376-5429,"200 West Chester Pike, Havertown, PA 19083, USA",https://adammechanical.com/?utm_source=gmb&utm_medium=organic,4.8,2883,ChIJsRfPz3_BxokRo2D4ELpM1vo,TextSearch(New)+Details(New)
"Dream Team - Plumbing, Heating, Cooling, & Electric",(484) 969-9524,"300 S Pennell Rd Suite 200, Media, PA 19063, USA",https://dreamteampa.com/media/?utm_source=organic&utm_medium=gbp&utm_campaign=Media+GBP,4.9,1522,ChIJee94tPHvxokR7kB-zyLARtE,TextSearch(New)+Details(New)
Heat-N-Air Guys,(610) 590-8877,"1134 Main St, Darby, PA 19023, USA",http://www.heatnairguys.com/,4.8,185,ChIJqx7r-OXDxokR7V6UqjumPKc,TextSearch(New)+Details(New)
McLoughlin Plumbing Heating & Cooling,(610) 649-8080,"8649 West Chester Pike, Upper Darby Township, PA 19082, USA",https://www.mcloughlinphc.com/?utm_source=google-business-profile&utm_medium=organic&utm_campaign=business-listing&utm_content=mcloughlin,4.7,756,ChIJ8xITqAXBxokRJ3djWBBm2oM,TextSearch(New)+Details(New)
PJ MAC HVAC Service & Repair,(610) 672-3046,"642 Harper Ave, Drexel Hill, PA 19026, USA",https://pjmachvac.com/drexel-hill-ac-heating-repair-install/,5,182,ChIJ-zNmSNqvxokRg51ovrOrg1k,TextSearch(New)+Details(New)
McGinley Services Heating & Cooling,(267) 710-8134,"1100 Lincoln Ave store 2, Prospect Park, PA 19076, USA",http://mcginleyservices.com/,4.9,536,ChIJO-jJZgvBxokRE7thvnFOrH0,TextSearch(New)+Details(New)
"Go Green Maintenance and Repair, LLC",(267) 249-1218,"4608 Florida Ave, Newtown Square, PA 19073, USA",https://chestercountyhvacandplumbing.com/,4.9,125,ChIJcU0fGT_rxokRROtaO0rqMcA,TextSearch(New)+Details(New)
Oliver Heating and Cooling,(610) 467-2223,"101 Waverly Ave, Morton, PA 19070, USA",https://www.oliverheatcool.com/?utm_source=GoogleMyBusiness&utm_medium=organic&utm_campaign=GMBListingPA,4.6,2161,ChIJzXGl6X7CxokRXXlhxf0K8kQ,TextSearch(New)+Details(New)
"Borden Heating & Cooling, Inc.",(610) 325-9966,"501 Abbott Dr, Broomall, PA 19008, USA",http://www.bordenco.com/?utm_source=google-my-business&utm_medium=organic,4.9,111,ChIJxy-3p9_BxokRcnWWL7bTjGI,TextSearch(New)+Details(New)
Pompetti Heating & Air Conditioning,(610) 565-4778,"410 Taylor St, Media, PA 19063, USA",http://pompettihvac.com/,4.6,21,ChIJ-Z8srbrpxokRGUxYCM3sfro,TextSearch(New)+Details(New)
Middletown HVAC,(610) 500-6416,"1275 Middletown Rd, Glen Mills, PA 19342, USA",https://mtownhvac.com/,5,94,ChIJgca5-obvxokR1S2dz1MPzpE,TextSearch(New)+Details(New)
SK Heating and Air Conditioning,(610) 937-5357,"339 Montgomery Ave, Bala Cynwyd, PA 19004, USA",http://www.skcomfort.com/,4.8,232,ChIJnQPzw8zHxokR_Nh2veYxovE,TextSearch(New)+Details(New)
"Boyle Energy - Heating, Air Conditioning, Oil & Propane",(610) 723-7274,"40 W Manoa Rd, Havertown, PA 19083, USA",https://boylebrothersenergy.com/?utm_source=Google+My+Business&utm_medium=Organic,4.9,600,ChIJP6r7Gq3BxokRLtr5KT_LDuE,TextSearch(New)+Details(New)
Bailey Heating & Cooling LLC,(484) 478-2284,"1201 Alfred Ave, Yeadon, PA 19050, USA",,4.9,38,ChIJGTOUovnDxokR3-itJqQS2BY,TextSearch(New)+Details(New)
Unique Indoor Comfort Heating and Cooling,(610) 540-7298,"780 5th Ave Suite 140, King of Prussia, PA 19406, USA",https://www.uniqueheatingandcooling.com/?utm_source=google&utm_medium=organic&utm_campaign=GMBListing-King-Of-Prussia-PA,4.9,3835,ChIJdayZxDC-xokRcp58tBKDnQg,TextSearch(New)+Details(New)
O'Brien Heating & Air Conditioning,(610) 615-1181,"381 Burmont Rd, Drexel Hill, PA 19026, USA",https://ocomfort.com/?utm_source=google&utm_medium=organic&utm_campaign=GMBListing-Drexel-Hill-PA,4.7,304,ChIJUVh494LBxokRxyJtpXmXCgs,TextSearch(New)+Details(New)
"Karalis Mechanical Services, LLC.",(484) 296-0116,"2035 Sproul Rd, Broomall, PA 19008, USA",https://www.karalishvac.com/?utm_source=google&utm_medium=organic&utm_campaign=gbp-listing,5,143,ChIJ5dTZEA3qxokRj8-FDUUOLI0,TextSearch(New)+Details(New)
John Cipollone Inc,(610) 446-7877,"600 Darby Rd, Havertown, PA 19083, USA",https://www.johncipollone.com/,4.9,81,ChIJQdxmEqzBxokRPLKKQvA7cV0,TextSearch(New)+Details(New)
Cool It Heating and Air,(610) 534-8771,"7 Riddlewood Dr, Media, PA 19063, USA",https://coolithvac.com/,4.8,238,ChIJNYiv3zLvxokRXIOK3AZjgfU,TextSearch(New)+Details(New)
"Dream Team - Plumbing, Heating, Cooling, & Electric",(484) 255-8269,"1 E Eagle Rd, Havertown, PA 19083, USA",https://dreamteampa.com/havertown/?utm_source=google&utm_medium=gbp-hav&se_campaign=GBP%20-%20Havertown,4.9,409,ChIJY6fEBEnBxokRARFDdq8m4sw,TextSearch(New)+Details(New)
"WM Henderson Heating, Cooling, Plumbing, & Electrical Inc.",(610) 510-8173,"511 Abbott Dr, Broomall, PA 19008, USA",https://www.wmhendersoninc.com/?utm_source=google&utm_medium=gbp&utm_campaign=WMH0100-WEB009-GBP&utm_crid=WMH0100_WEB009_134369292,4.7,2983,ChIJqfgZ0OHBxokRNnuwylC6rB8,TextSearch(New)+Details(New)
"Stallion Heating, Plumbing, Air Conditioning",(215) 278-9690,"1641 Delmar Dr, Folcroft, PA 19032, USA",https://www.26stallion.com/?utm_source=google-business-profile&utm_medium=organic&utm_campaign=business-listing&utm_content=stallion,4.8,1477,ChIJz8iHrafIxokRWIKM9MCdzGs,TextSearch(New)+Details(New)
PATRICK’S Heating and Cooling,(610) 969-8944,"302 Netherington Dr, Broomall, PA 19008, USA",https://patrickshvacservices.com/,5,42,ChIJ9XW2icjGCwQRLeKqHnbaQno,TextSearch(New)+Details(New)
"Walsh Brothers Plumbing and Mechanical Services, Inc.",(610) 623-2789,"500 Abbott Dr STE A, Broomall, PA 19008, USA",https://www.walshbrothersinc.com/,4.8,320,ChIJI0pClYLBxokRbW68nZDmkY4,TextSearch(New)+Details(New)
Green Air Concepts HVAC,(484) 222-1233,"218 Ardmore Ave, Ardmore, PA 19003, USA",https://greenairconcepts.net/?utm_source=GBP&utm_medium=GBP-Profile&utm_campaign=GBP-Organic,5,74,ChIJW9wqX9u5xokRW8oaudQSxxM,TextSearch(New)+Details(New)
BNK Plumbing And HVAC Services,(610) 809-2552,"750 Academy Terrace, Sharon Hill, PA 19079, USA",http://www.bnkplumbing-appliances.com/,5,41,ChIJg9shXdykl4URZd5E26QOpt4,TextSearch(New)+Details(New)
Robinson Mechanical LLC,(267) 217-2279,"1149 Morton Ave, Folsom, PA 19033, USA",http://www.robinsonmechanicalllc.com/,5,9,ChIJpybrrqhNj0YRVhCbvKwg52s,TextSearch(New)+Details(New)
Darlington Heating & Cooling,(267) 968-9388,"3443 John F Kennedy Dr, Brookhaven, PA 19015, USA",http://darlingtonheatcool.com/,5,20,ChIJ6R0GO27nxokRLcxJElOb238,TextSearch(New)+Details(New)
Comfort Zone Heating & Air Conditioning,(484) 779-6060,"3805 West Chester Pike, Newtown Square, PA 19073, USA",https://comfortzoneheatingairconditioning.site/,4.7,47,ChIJLTPIEazrxokRtwcKfAlIIAU,TextSearch(New)+Details(New)
Old School Heating & Cooling LLC,(302) 383-7036,"2 Woodsedge, Claymont, DE 19703, USA",https://www.oldschoolheat.com/,4.9,151,ChIJN1DNZYvlxokRT3BCdRlQpVA,TextSearch(New)+Details(New)
Philly's Heating and Cooling,(267) 214-0111,"3738 Melon St, Philadelphia, PA 19104, USA",,4.9,28,ChIJUSUUkJ7BxokRFOBkD9y67EM,TextSearch(New)+Details(New)
"Harris Plumbing, Heating, Air & Electrical",(484) 573-6393,"105 W 3rd St Suite 102, Media, PA 19063, USA",https://www.callharrisnow.com/?utm_source=google&utm_medium=gbp-pa&se_campaign=GBP%20-%20Media%20PA,4.9,2716,ChIJ7ToVFEzpxokRrNBSTtzyJvA,TextSearch(New)+Details(New)
"SJH Mechanical Services, LLC.",,"651 Parkway Dr, Broomall, PA 19008, USA",https://www.sjhmechanicalservices.com/,5,17,ChIJz0_NnqYZ0i8RP7Eh2pC3kJM,TextSearch(New)+Details(New)
GEN3 Electric & HVAC,(484) 496-8022,"200 S Chester Pike, Glenolden, PA 19036, USA",https://generation3electric.com/,4.9,772,ChIJHbPzQGXDxokRB9gB94ISNw8,TextSearch(New)+Details(New)
Superior Comfort Heating & Cooling LLC,(215) 416-6557,"545 N 58th St, Philadelphia, PA 19131, USA",http://www.phillyhvacpro.com/,4.9,62,ChIJATEA6SfHxokR9Hox3PvaDKU,TextSearch(New)+Details(New)
High Tech Heating and Cooling,(215) 364-3500,"147 Conchester Hwy, Garnet Valley, PA 19014, USA",https://hightechheatingandcooling.com/,5,34,ChIJGxtFPq4P_ywR3wlKboIDp8Q,TextSearch(New)+Details(New)
Today Heating &Air Conditioning Company,(610) 548-3378,"19 Cook Rd, Media, PA 19063, USA",,4.6,11,ChIJP_sTUProxokRP_xMCYNQm_o,TextSearch(New)+Details(New)
PJ MAC HVAC Air Duct Cleaning,(610) 424-6275,"630 Fairview Rd #110, Swarthmore, PA 19081, USA",https://pjmachvac.com/air-duct-cleaning-service-swarthmore/,4.9,54,ChIJ63ZiKRLpxokRUUP4HHNOf-c,TextSearch(New)+Details(New)
HL Bowman Inc Plumbing Heating & AC,(610) 671-3360,"1005 Sussex Blvd #4, Broomall, PA 19008, USA",https://hlbowman.com/locations/west-chester-pa/?utm_source=google&utm_medium=gmb&utm_campaign=west%20chester%20listing&se_campaign=Google%20My%20Business%20-%20Clicked%20to%20Website,4.8,180,ChIJ_1LG72frxokRWp6tQn8v5r4,TextSearch(New)+Details(New)
J R Hahn Heating & Cooling Services,(610) 636-7030,"16 Schoolhouse Ln, Aston Township, PA 19014, USA",,,,ChIJu7JEaO7lxokRLtCYczU5VNw,TextSearch(New)+Details(New)
Dan Sciulli HVAC,(610) 325-3474,"132 Laurel Ln, Broomall, PA 19008, USA",http://www.dansciullihvac.com/,4.4,17,ChIJcRa1S_LqxokRv_iYsZdFjZM,TextSearch(New)+Details(New)
PECH HVAC AND ELECTRICIAN,(610) 800-0290,"1139 Upland St, Chester, PA 19013, USA",https://pechhvac.com/,5,11,ChIJUQ7F8m3nxokR6BacigJgNG0,TextSearch(New)+Details(New)
R F Bondurant Plumbing & Heating,(610) 566-0288,"228 Brooke St, Media, PA 19063, USA",https://rfbondurant.com/,4.9,373,ChIJ4SIkFgXpxokR3ChGh-XQDFo,TextSearch(New)+Details(New)
"Murphy's Plumbing, Heating & Air Conditioning",(610) 461-6502,"565 Abbott Dr, Broomall, PA 19008, USA",http://www.murphysonmacdade.com/,4.5,72,ChIJWW-dgVfCxokR-xx3serztZE,TextSearch(New)+Details(New)
AllSeason Heating & Air Conditioning,(223) 226-0070,"3737 Foulk Rd, Garnet Valley, PA 19060, USA",https://allseasonheatingairconditioning.homes/,4.7,40,ChIJjS45zdzlxokRV9rr6byjmp8,TextSearch(New)+Details(New)
J Halligan & Sons,(610) 228-2384,"412 Darby Rd, Havertown, PA 19083, USA",https://www.jhalliganoil.com/,4.8,249,ChIJO-Hu_6vBxokRnGzT0Z6nYQc,TextSearch(New)+Details(New)
GEN3 Electric & HVAC,(267) 419-7922,"1257 S 26th St, Philadelphia, PA 19146, USA",https://generation3electric.com/,4.9,4381,ChIJxQbFLG_GxokRF8XtPpf1ySQ,TextSearch(New)+Details(New)
Home HVAC Services,(484) 573-7551,"831 West Chester Pike, West Chester, PA 19382, USA",https://www.homehvacservices.com/,5,134,ChIJa5zl6kbxxokR5a5Jn4dbdAk,TextSearch(New)+Details(New)
DZO Mechanical,(484) 203-4326,"816 W Springfield Rd, Springfield, PA 19064, USA",https://www.dzomechanical.com/,4.9,66,ChIJ__8v6xrBxokRCcQN3Pk5bj8,TextSearch(New)+Details(New)
Air Control Heating & Cooling LLC,(302) 287-3400,"10 Princeton Ave, Claymont, DE 19703, USA",http://www.aircontrol-hvac.com/,5,61,ChIJuWJJAfTjxokRHkGNpALZ330,TextSearch(New)+Details(New)
"Timothy Off Heating, Air Conditioning & Plumbing",(484) 887-2655,"1330 Enterprise Dr Unit 2, West Chester, PA 19380, USA",https://timothyoffheating.com/?utm_source=google&utm_medium=organic&utm_campaign=GMB%20Listing,4.8,429,ChIJH2bsi2HxxokR20WM_DHhVtA,TextSearch(New)+Details(New)
Proactev Heating & Cooling,(610) 333-3219,"704 Dover Ct, Wallingford, PA 19086, USA",,5,1,ChIJj42kOvvpxokRjFz1Z-CL1BA,TextSearch(New)+Details(New)
Bob's Appliance Repairs and HVAC,(484) 497-8101,"2155 Armstrong Ave, Morton, PA 19070, USA",http://www.bobsappliancerepairs.com/,4.1,85,ChIJNWOZ3F3CxokRygBReos3K30,TextSearch(New)+Details(New)